"CÓDIGO DE LA SERIE",D_1TFK09A0_BCE,D_1NBCEA72,D_1NBCEB72,D_1NBAA572,D_1NBAS372,D_1NBAC372,D_1NBAD472,D_1NBAE472,D_1NBAF472,D_1NBBDS72,D_1NBBDT72,D_1NBBDU72,D_1NBBDV72,D_1NBBDW72,D_1NBBDP72,D_1NBBDQ72,D_1NBBDR72,D_1NBBP572,D_1NBBO572
"NÚMERO SECUENCIAL",4562352,4562347,4562348,3775801,3975629,2737991,587851,608361,587853,997174,997175,997176,997177,997178,997172,997173,997179,586568,586564
"ALIAS DE LA SERIE","BE_1_15.1","BE_1_15.2","BE_1_15.3","BE_1_15.4","BE_1_15.5","BE_1_15.6","BE_1_15.7","BE_1_15.8","BE_1_15.9","BE_1_15.10","BE_1_15.11","BE_1_15.12","BE_1_15.13","BE_1_15.14","BE_1_15.15","BE_1_15.16","BE_1_15.17","BE_1_15.18","BE_1_15.19"
"DESCRIPCIÓN DE LA SERIE","Tipo de interés. UEM. De operaciones política monetaria. Subastas. Operaciones principales de financiación","Tipo de interés. UEM. De operaciones de política monetaria. Facilidades permanentes. De crédito","Tipo de interés. UEM. De operaciones de política monetaria. Facilidades permanentes. De depósito","Tipo de interés. UEM. Mercado monetario. ESTR","Tipos de interés. UEM. Mercados monetarios. Depósitos. A 1 semana. Euríbor. Tipo de referencia oficial del mercado hipotecario","Tipo de interés. UEM. Mercado monetario. Euríbor. A 1 mes","Tipo de interés. UEM. Mercado monetario. Euríbor. A 3 meses","Tipo de interés. UEM. Mercado monetario. Euríbor. A 6 meses","Tipo de interés. UEM. Mercado monetario. Euríbor. A 12 meses","Economía internacional. UEM. Tipo de interés. Nuevas operaciones. IFM residentes en la UEM. Depósitos a la vista de hogares","Economía internacional. UEM. Tipo de interés. Nuevas operaciones. IFM residentes en la UEM. Depósitos hasta 1 ańo de hogares","Economía internacional. UEM. Tipo de interés. Nuevas operaciones. IFM residentes en la UEM. Depósitos a más de 2 ańos de hogares","Economía internacional. UEM. Tipo de interés. Nuevas operaciones. IFM residentes en la UEM. Depósitos a la vista de sociedades no financieras","Economía internacional. UEM. Tipo de interés. Nuevas operaciones. IFM residentes en la UEM. Depósitos hasta 1 ańo de sociedades no financieras","Economía internacional. UEM. Tipo de interés. Nuevas operaciones. IFM residentes en la UEM. Créditos a hogares para el consumo","Economía internacional. UEM. Tipo de interés. Nuevas operaciones. IFM residentes en la UEM. Préstamos a hogares para adquisición de viviendas","Economía internacional. UEM. Tipo de interés. Nuevas operaciones. IFM residentes en la UEM. Préstamos a 1 ańo a sociedades no financieras","Economía internacional. UEM. Rendimiento de la Deuda Pública. A 3 ańos","Economía internacional. UEM. Rendimiento de la Deuda Pública. A a 10 ańos"
"DESCRIPCIÓN DE LAS UNIDADES","Porcentaje","Porcentaje","Porcentaje","Porcentaje","Porcentaje","Porcentaje","Porcentaje","Porcentaje","Porcentaje","Porcentaje","Porcentaje","Porcentaje","Porcentaje","Porcentaje","Porcentaje","Porcentaje","Porcentaje","Porcentaje","Porcentaje"
"FRECUENCIA","MENSUAL","MENSUAL","MENSUAL","MENSUAL","MENSUAL","MENSUAL","MENSUAL","MENSUAL","MENSUAL","MENSUAL","MENSUAL","MENSUAL","MENSUAL","MENSUAL","MENSUAL","MENSUAL","MENSUAL","MENSUAL","MENSUAL"
"ENE 1990","_","_","_","_","_","_","_","_","_","_","_","_","_","_","_","_","_","_",10.39
"FEB 1990","_","_","_","_","_","_","_","_","_","_","_","_","_","_","_","_","_","_",10.86
"MAR 1990","_","_","_","_","_","_","_","_","_","_","_","_","_","_","_","_","_","_",10.98
"ABR 1990","_","_","_","_","_","_","_","_","_","_","_","_","_","_","_","_","_","_",10.84
"MAY 1990","_","_","_","_","_","_","_","_","_","_","_","_","_","_","_","_","_","_",10.77
"JUN 1990","_","_","_","_","_","_","_","_","_","_","_","_","_","_","_","_","_","_",10.72
"JUL 1990","_","_","_","_","_","_","_","_","_","_","_","_","_","_","_","_","_","_",10.57
"AGO 1990","_","_","_","_","_","_","_","_","_","_","_","_","_","_","_","_","_","_",10.97
"SEP 1990","_","_","_","_","_","_","_","_","_","_","_","_","_","_","_","_","_","_",11.14
"OCT 1990","_","_","_","_","_","_","_","_","_","_","_","_","_","_","_","_","_","_",11.09
"NOV 1990","_","_","_","_","_","_","_","_","_","_","_","_","_","_","_","_","_","_",10.99
"DIC 1990","_","_","_","_","_","_","_","_","_","_","_","_","_","_","_","_","_","_",10.94
"ENE 1991","_","_","_","_","_","_","_","_","_","_","_","_","_","_","_","_","_","_",10.96
"FEB 1991","_","_","_","_","_","_","_","_","_","_","_","_","_","_","_","_","_","_",10.54
"MAR 1991","_","_","_","_","_","_","_","_","_","_","_","_","_","_","_","_","_","_",10.40
"ABR 1991","_","_","_","_","_","_","_","_","_","_","_","_","_","_","_","_","_","_",10.22
"MAY 1991","_","_","_","_","_","_","_","_","_","_","_","_","_","_","_","_","_","_",10.05
"JUN 1991","_","_","_","_","_","_","_","_","_","_","_","_","_","_","_","_","_","_",10.10
"JUL 1991","_","_","_","_","_","_","_","_","_","_","_","_","_","_","_","_","_","_",10.27
"AGO 1991","_","_","_","_","_","_","_","_","_","_","_","_","_","_","_","_","_","_",10.26
"SEP 1991","_","_","_","_","_","_","_","_","_","_","_","_","_","_","_","_","_","_",10.03
"OCT 1991","_","_","_","_","_","_","_","_","_","_","_","_","_","_","_","_","_","_",9.92
"NOV 1991","_","_","_","_","_","_","_","_","_","_","_","_","_","_","_","_","_","_",9.93
"DIC 1991","_","_","_","_","_","_","_","_","_","_","_","_","_","_","_","_","_","_",9.91
"ENE 1992","_","_","_","_","_","_","_","_","_","_","_","_","_","_","_","_","_","_",9.64
"FEB 1992","_","_","_","_","_","_","_","_","_","_","_","_","_","_","_","_","_","_",9.58
"MAR 1992","_","_","_","_","_","_","_","_","_","_","_","_","_","_","_","_","_","_",9.62
"ABR 1992","_","_","_","_","_","_","_","_","_","_","_","_","_","_","_","_","_","_",9.67
"MAY 1992","_","_","_","_","_","_","_","_","_","_","_","_","_","_","_","_","_","_",9.63
"JUN 1992","_","_","_","_","_","_","_","_","_","_","_","_","_","_","_","_","_","_",9.83
"JUL 1992","_","_","_","_","_","_","_","_","_","_","_","_","_","_","_","_","_","_",10.05
"AGO 1992","_","_","_","_","_","_","_","_","_","_","_","_","_","_","_","_","_","_",10.14
"SEP 1992","_","_","_","_","_","_","_","_","_","_","_","_","_","_","_","_","_","_",10.05
"OCT 1992","_","_","_","_","_","_","_","_","_","_","_","_","_","_","_","_","_","_",9.93
"NOV 1992","_","_","_","_","_","_","_","_","_","_","_","_","_","_","_","_","_","_",9.59
"DIC 1992","_","_","_","_","_","_","_","_","_","_","_","_","_","_","_","_","_","_",9.60
"ENE 1993","_","_","_","_","_","_","_","_","_","_","_","_","_","_","_","_","_","_",9.36
"FEB 1993","_","_","_","_","_","_","_","_","_","_","_","_","_","_","_","_","_","_",9.06
"MAR 1993","_","_","_","_","_","_","_","_","_","_","_","_","_","_","_","_","_","_",8.78
"ABR 1993","_","_","_","_","_","_","_","_","_","_","_","_","_","_","_","_","_","_",8.81
"MAY 1993","_","_","_","_","_","_","_","_","_","_","_","_","_","_","_","_","_","_",8.72
"JUN 1993","_","_","_","_","_","_","_","_","_","_","_","_","_","_","_","_","_","_",8.42
"JUL 1993","_","_","_","_","_","_","_","_","_","_","_","_","_","_","_","_","_","_",8.07
"AGO 1993","_","_","_","_","_","_","_","_","_","_","_","_","_","_","_","_","_","_",7.53
"SEP 1993","_","_","_","_","_","_","_","_","_","_","_","_","_","_","_","_","_","_",7.30
"OCT 1993","_","_","_","_","_","_","_","_","_","_","_","_","_","_","_","_","_","_",7.04
"NOV 1993","_","_","_","_","_","_","_","_","_","_","_","_","_","_","_","_","_","_",7.08
"DIC 1993","_","_","_","_","_","_","_","_","_","_","_","_","_","_","_","_","_","_",6.85
"ENE 1994","_","_","_","_","_","_",6.56,6.360,"_","_","_","_","_","_","_","_","_",5.87,6.69
"FEB 1994","_","_","_","_","_","_",6.54,6.370,"_","_","_","_","_","_","_","_","_",6.48,6.88
"MAR 1994","_","_","_","_","_","_",6.35,6.290,"_","_","_","_","_","_","_","_","_",6.50,7.35
"ABR 1994","_","_","_","_","_","_",6.10,6.040,"_","_","_","_","_","_","_","_","_",6.70,7.46
"MAY 1994","_","_","_","_","_","_",5.91,5.920,"_","_","_","_","_","_","_","_","_",6.93,7.75
"JUN 1994","_","_","_","_","_","_",6.05,6.110,"_","_","_","_","_","_","_","_","_",7.34,8.37
"JUL 1994","_","_","_","_","_","_",5.98,6.140,"_","_","_","_","_","_","_","_","_",7.39,8.39
"AGO 1994","_","_","_","_","_","_",6.07,6.350,"_","_","_","_","_","_","_","_","_",7.95,8.68
"SEP 1994","_","_","_","_","_","_",6.07,6.350,"_","_","_","_","_","_","_","_","_",8.09,9.12
"OCT 1994","_","_","_","_","_","_",6.08,6.320,"_","_","_","_","_","_","_","_","_",8.17,9.16
"NOV 1994","_","_","_","_","_","_",6.16,6.360,"_","_","_","_","_","_","_","_","_",8.07,9.12
"DIC 1994","_","_","_","_","_","_",6.38,6.830,"_","_","_","_","_","_","_","_","_",8.52,9.14
"ENE 1995","_","_","_","_","_","_",6.16,6.580,"_","_","_","_","_","_","_","_","_",8.21,9.34
"FEB 1995","_","_","_","_","_","_",6.49,6.890,"_","_","_","_","_","_","_","_","_",8.23,9.19
"MAR 1995","_","_","_","_","_","_",6.94,7.130,"_","_","_","_","_","_","_","_","_",8.03,9.43
"ABR 1995","_","_","_","_","_","_",6.78,6.920,"_","_","_","_","_","_","_","_","_",7.87,9.26
"MAY 1995","_","_","_","_","_","_",6.58,6.730,"_","_","_","_","_","_","_","_","_",7.30,8.78
"JUN 1995","_","_","_","_","_","_",6.51,6.710,"_","_","_","_","_","_","_","_","_",7.59,8.75
"JUL 1995","_","_","_","_","_","_",6.33,6.490,"_","_","_","_","_","_","_","_","_",7.24,8.71
"AGO 1995","_","_","_","_","_","_",6.01,6.140,"_","_","_","_","_","_","_","_","_",6.95,8.47
"SEP 1995","_","_","_","_","_","_",6.08,6.270,"_","_","_","_","_","_","_","_","_",6.89,8.36
"OCT 1995","_","_","_","_","_","_",6.12,6.300,"_","_","_","_","_","_","_","_","_",6.69,8.48
"NOV 1995","_","_","_","_","_","_",5.92,6.000,"_","_","_","_","_","_","_","_","_",6.32,8.16
"DIC 1995","_","_","_","_","_","_",5.49,5.620,"_","_","_","_","_","_","_","_","_",5.97,7.82
"ENE 1996","_","_","_","_","_","_",5.02,5.080,"_","_","_","_","_","_","_","_","_",5.54,7.44
"FEB 1996","_","_","_","_","_","_",5.04,5.140,"_","_","_","_","_","_","_","_","_",5.82,7.66
"MAR 1996","_","_","_","_","_","_",4.97,5.100,"_","_","_","_","_","_","_","_","_",5.97,7.83
"ABR 1996","_","_","_","_","_","_",4.55,4.620,"_","_","_","_","_","_","_","_","_",5.47,7.62
"MAY 1996","_","_","_","_","_","_",4.66,4.690,"_","_","_","_","_","_","_","_","_",5.47,7.48
"JUN 1996","_","_","_","_","_","_",4.58,4.690,"_","_","_","_","_","_","_","_","_",5.58,7.51
"JUL 1996","_","_","_","_","_","_",4.61,4.760,"_","_","_","_","_","_","_","_","_",5.51,7.39
"AGO 1996","_","_","_","_","_","_",4.53,4.670,"_","_","_","_","_","_","_","_","_",5.35,7.31
"SEP 1996","_","_","_","_","_","_",4.24,4.330,"_","_","_","_","_","_","_","_","_",4.93,7.13
"OCT 1996","_","_","_","_","_","_",4.23,4.290,"_","_","_","_","_","_","_","_","_",4.88,6.68
"NOV 1996","_","_","_","_","_","_",4.14,4.180,"_","_","_","_","_","_","_","_","_",4.54,6.43
"DIC 1996","_","_","_","_","_","_",4.08,4.060,"_","_","_","_","_","_","_","_","_",4.41,6.31
"ENE 1997","_","_","_","_","_","_",4.04,4.010,"_","_","_","_","_","_","_","_","_",4.32,6.23
"FEB 1997","_","_","_","_","_","_",4.07,4.110,"_","_","_","_","_","_","_","_","_",4.40,6.06
"MAR 1997","_","_","_","_","_","_",4.07,4.170,"_","_","_","_","_","_","_","_","_",4.88,6.32
"ABR 1997","_","_","_","_","_","_",3.94,4.020,"_","_","_","_","_","_","_","_","_",4.65,6.39
"MAY 1997","_","_","_","_","_","_",4.05,4.150,"_","_","_","_","_","_","_","_","_",4.65,6.18
"JUN 1997","_","_","_","_","_","_",3.93,4.030,"_","_","_","_","_","_","_","_","_",4.37,6.09
"JUL 1997","_","_","_","_","_","_",3.98,4.080,"_","_","_","_","_","_","_","_","_",4.47,5.83
"AGO 1997","_","_","_","_","_","_",4.06,4.180,"_","_","_","_","_","_","_","_","_",4.68,5.94
"SEP 1997","_","_","_","_","_","_",4.01,4.090,"_","_","_","_","_","_","_","_","_",4.58,5.81
"OCT 1997","_","_","_","_","_","_",4.30,4.350,"_","_","_","_","_","_","_","_","_",4.80,5.77
"NOV 1997","_","_","_","_","_","_",4.17,4.220,"_","_","_","_","_","_","_","_","_",4.71,5.74
"DIC 1997","_","_","_","_","_","_",4.01,4.050,"_","_","_","_","_","_","_","_","_",4.51,5.46
"ENE 1998","_","_","_","_","_","_",4.00,4.080,"_","_","_","_","_","_","_","_","_",4.27,5.22
"FEB 1998","_","_","_","_","_","_",3.97,3.980,"_","_","_","_","_","_","_","_","_",4.24,5.12
"MAR 1998","_","_","_","_","_","_",3.92,3.890,"_","_","_","_","_","_","_","_","_",4.32,5.01
"ABR 1998","_","_","_","_","_","_",3.89,3.930,"_","_","_","_","_","_","_","_","_",4.44,5.00
"MAY 1998","_","_","_","_","_","_",3.86,3.890,"_","_","_","_","_","_","_","_","_",4.30,5.06
"JUN 1998","_","_","_","_","_","_",3.84,3.850,"_","_","_","_","_","_","_","_","_",4.24,4.91
"JUL 1998","_","_","_","_","_","_",3.80,3.820,"_","_","_","_","_","_","_","_","_",4.16,4.82
"AGO 1998","_","_","_","_","_","_",3.81,3.720,"_","_","_","_","_","_","_","_","_",3.78,4.59
"SEP 1998","_","_","_","_","_","_",3.73,3.640,"_","_","_","_","_","_","_","_","_",3.58,4.27
"OCT 1998","_","_","_","_","_","_",3.63,3.530,"_","_","_","_","_","_","_","_","_",3.51,4.25
"NOV 1998","_","_","_","_","_","_",3.51,3.430,"_","_","_","_","_","_","_","_","_",3.44,4.24
"DIC 1998","_","_","_","_","_","_",3.17,3.140,"_","_","_","_","_","_","_","_","_",3.22,3.95
"ENE 1999",3.00,4.50,2.00,"_","_","_",3.13,3.090,3.062,"_","_","_","_","_","_","_","_",3.09,3.82
"FEB 1999",3.00,4.50,2.00,"_","_","_",3.09,3.040,3.030,"_","_","_","_","_","_","_","_",3.19,3.97
"MAR 1999",3.00,4.50,2.00,"_","_","_",3.05,3.025,3.046,"_","_","_","_","_","_","_","_",3.25,4.18
"ABR 1999",2.50,3.50,1.50,"_","_","_",2.70,2.704,2.756,"_","_","_","_","_","_","_","_",3.00,4.04
"MAY 1999",2.50,3.50,1.50,"_","_","_",2.58,2.598,2.683,"_","_","_","_","_","_","_","_",3.00,4.20
"JUN 1999",2.50,3.50,1.50,"_","_","_",2.63,2.680,2.836,"_","_","_","_","_","_","_","_",3.34,4.53
"JUL 1999",2.50,3.50,1.50,"_","_","_",2.68,2.898,3.030,"_","_","_","_","_","_","_","_",3.64,4.86
"AGO 1999",2.50,3.50,1.50,"_","_","_",2.70,3.053,3.237,"_","_","_","_","_","_","_","_",3.87,5.06
"SEP 1999",2.50,3.50,1.50,"_","_","_",2.73,3.107,3.301,"_","_","_","_","_","_","_","_",4.02,5.24
"OCT 1999",2.50,3.50,1.50,"_","_","_",3.38,3.457,3.684,"_","_","_","_","_","_","_","_",4.40,5.47
"NOV 1999",3.00,4.00,2.00,"_","_","_",3.47,3.484,3.689,"_","_","_","_","_","_","_","_",4.27,5.18
"DIC 1999",3.00,4.00,2.00,"_","_","_",3.45,3.512,3.826,"_","_","_","_","_","_","_","_",4.43,5.30
"ENE 2000",3.00,4.00,2.00,"_","_","_",3.34,3.556,3.949,1.29,2.92,4.02,1.21,3.33,"_","_",5.06,4.68,5.70
"FEB 2000",3.25,4.25,2.25,"_","_","_",3.54,3.735,4.111,1.27,2.97,4.07,1.24,3.39,"_","_",5.24,4.82,5.66
"MAR 2000",3.50,4.50,2.50,"_","_","_",3.75,3.936,4.267,1.28,3.13,4.10,1.28,3.56,"_","_",5.28,4.83,5.49
"ABR 2000",3.75,4.75,2.75,"_","_","_",3.93,4.083,4.365,1.30,3.25,4.08,1.33,3.69,"_","_",5.36,4.79,5.41
"MAY 2000",3.75,4.75,2.75,"_","_","_",4.36,4.544,4.849,1.32,3.42,4.21,1.38,3.99,"_","_",5.69,5.16,5.52
"JUN 2000",4.25,5.25,3.25,"_","_","_",4.50,4.681,4.965,1.39,3.62,4.21,1.40,4.18,"_","_",5.89,5.12,5.35
"JUL 2000",4.25,5.25,3.25,"_","_","_",4.58,4.837,5.105,1.40,3.74,4.54,1.47,4.26,"_","_",5.99,5.27,5.45
"AGO 2000",4.25,5.25,3.25,"_","_","_",4.78,5.011,5.248,1.43,3.82,4.58,1.48,4.37,"_","_",6.13,5.34,5.40
"SEP 2000",4.50,5.50,3.50,"_","_","_",4.85,5.038,5.219,1.45,3.97,4.56,1.53,4.50,"_","_",6.17,5.28,5.47
"OCT 2000",4.75,5.75,3.75,"_","_","_",5.04,5.103,5.218,1.48,4.11,4.56,1.61,4.58,"_","_",6.35,5.20,5.42
"NOV 2000",4.75,5.75,3.75,"_","_","_",5.09,5.131,5.193,1.51,4.19,4.58,1.64,4.63,"_","_",6.39,5.15,5.34
"DIC 2000",4.75,5.75,3.75,"_","_","_",4.94,4.920,4.881,1.49,4.19,4.43,1.62,4.53,"_","_",6.23,4.77,5.07
"ENE 2001",4.75,5.75,3.75,"_",4.810,4.805,4.77,4.675,4.574,1.42,4.10,4.31,1.62,4.40,"_","_",6.18,4.57,5.01
"FEB 2001",4.75,5.75,3.75,"_",4.830,4.800,4.76,4.666,4.591,1.44,4.10,4.27,1.65,4.35,"_","_",6.22,4.59,5.02
"MAR 2001",4.75,5.75,3.75,"_",4.817,4.776,4.71,4.577,4.471,1.44,4.06,4.26,1.66,4.33,"_","_",6.10,4.44,4.94
"ABR 2001",4.75,5.75,3.75,"_",4.877,4.780,4.68,4.566,4.481,1.45,4.01,4.24,1.68,4.30,"_","_",6.15,4.51,5.10
"MAY 2001",4.50,5.50,3.50,"_",4.664,4.663,4.64,4.558,4.520,1.40,3.99,4.22,1.66,4.27,"_","_",6.11,4.60,5.26
"JUN 2001",4.50,5.50,3.50,"_",4.563,4.530,4.45,4.353,4.312,1.38,3.89,4.19,1.58,4.14,"_","_",5.90,4.44,5.21
"JUL 2001",4.50,5.50,3.50,"_",4.540,4.525,4.47,4.387,4.311,1.37,3.87,4.17,1.58,4.13,"_","_",5.83,4.42,5.25
"AGO 2001",4.25,5.25,3.25,"_",4.515,4.465,4.35,4.225,4.108,1.38,3.83,4.13,1.60,4.05,"_","_",5.85,4.19,5.06
"SEP 2001",3.75,4.75,2.75,"_",4.076,4.051,3.98,3.876,3.770,1.26,3.53,3.99,1.51,3.67,"_","_",5.55,3.89,5.04
"OCT 2001",3.75,4.75,2.75,"_",3.830,3.719,3.60,3.459,3.369,1.18,3.26,3.89,1.42,3.41,"_","_",5.34,3.63,4.82
"NOV 2001",3.25,4.25,2.25,"_",3.480,3.427,3.39,3.262,3.198,1.10,3.02,3.76,1.35,3.17,"_","_",5.14,3.58,4.67
"DIC 2001",3.25,4.25,2.25,"_",3.375,3.418,3.34,3.256,3.298,1.07,2.93,3.86,1.27,3.17,"_","_",5.05,3.90,4.96
"ENE 2002",3.25,4.25,2.25,"_",3.346,3.348,3.34,3.342,3.483,1.05,2.93,3.89,1.27,3.19,"_","_",5.00,4.04,5.02
"FEB 2002",3.25,4.25,2.25,"_",3.323,3.336,3.36,3.398,3.594,1.05,2.92,3.97,1.27,3.18,"_","_",5.13,4.17,5.07
"MAR 2002",3.25,4.25,2.25,"_",3.326,3.346,3.39,3.500,3.816,1.06,2.96,4.06,1.27,3.27,"_","_",5.15,4.55,5.32
"ABR 2002",3.25,4.25,2.25,"_",3.315,3.336,3.41,3.536,3.860,1.06,3.00,4.11,1.29,3.29,"_","_",5.22,4.53,5.30
"MAY 2002",3.25,4.25,2.25,"_",3.336,3.374,3.47,3.626,3.963,1.06,3.01,4.14,1.30,3.31,"_","_",5.23,4.55,5.30
"JUN 2002",3.25,4.25,2.25,"_",3.359,3.384,3.46,3.590,3.869,1.04,3.02,4.08,1.27,3.30,"_","_",5.14,4.37,5.16
"JUL 2002",3.25,4.25,2.25,"_",3.336,3.361,3.41,3.484,3.645,1.05,3.04,4.02,1.28,3.26,"_","_",5.10,4.10,5.03
"AGO 2002",3.25,4.25,2.25,"_",3.320,3.333,3.35,3.380,3.440,1.04,2.99,3.89,1.28,3.19,"_","_",5.04,3.76,4.73
"SEP 2002",3.25,4.25,2.25,"_",3.316,3.317,3.31,3.270,3.236,1.03,2.93,3.72,1.26,3.09,"_","_",4.98,3.46,4.52
"OCT 2002",3.25,4.25,2.25,"_",3.315,3.306,3.26,3.168,3.126,1.01,2.92,3.70,1.27,3.07,"_","_",4.91,3.41,4.62
"NOV 2002",3.25,4.25,2.25,"_",3.318,3.231,3.12,3.037,3.017,1.02,2.86,3.65,1.25,3.00,"_","_",4.85,3.31,4.59
"DIC 2002",2.75,3.75,1.75,"_",3.021,2.983,2.94,2.894,2.873,0.92,2.65,3.58,1.18,2.80,"_","_",4.69,3.08,4.41
"ENE 2003",2.75,3.75,1.75,"_",2.854,2.855,2.83,2.758,2.705,0.89,2.58,3.19,1.19,2.72,8.21,4.94,4.87,2.85,4.27
"FEB 2003",2.75,3.75,1.75,"_",2.812,2.775,2.69,2.578,2.504,0.91,2.45,2.90,1.21,2.63,8.27,4.75,4.73,2.61,4.06
"MAR 2003",2.50,3.50,1.50,"_",2.665,2.601,2.53,2.451,2.411,0.87,2.35,2.75,1.14,2.50,8.08,4.61,4.57,2.66,4.13
"ABR 2003",2.50,3.50,1.50,"_",2.574,2.576,2.53,2.469,2.447,0.84,2.27,2.80,1.13,2.44,8.16,4.59,4.55,2.81,4.23
"MAY 2003",2.50,3.50,1.50,"_",2.614,2.520,2.40,2.308,2.252,0.85,2.25,2.65,1.10,2.44,8.21,4.46,4.46,2.53,3.92
"JUN 2003",2.00,3.00,1.00,"_",2.217,2.177,2.15,2.084,2.014,0.76,2.02,2.62,0.99,2.10,8.02,4.28,4.22,2.29,3.72
"JUL 2003",2.00,3.00,1.00,"_",2.120,2.131,2.13,2.093,2.076,0.69,1.93,2.33,0.93,2.02,8.03,4.19,4.14,2.56,4.06
"AGO 2003",2.00,3.00,1.00,"_",2.105,2.122,2.14,2.172,2.279,0.68,1.91,2.54,0.92,2.03,8.06,4.28,4.16,2.91,4.20
"SEP 2003",2.00,3.00,1.00,"_",2.106,2.126,2.15,2.178,2.258,0.69,1.88,2.43,0.91,2.00,8.04,4.31,4.10,2.87,4.23
"OCT 2003",2.00,3.00,1.00,"_",2.083,2.100,2.14,2.173,2.303,0.69,1.88,2.51,0.92,1.99,7.91,4.27,4.13,2.88,4.31
"NOV 2003",2.00,3.00,1.00,"_",2.062,2.087,2.16,2.224,2.410,0.69,1.87,2.61,0.89,1.97,7.87,4.29,4.08,2.99,4.44
"DIC 2003",2.00,3.00,1.00,"_",2.087,2.131,2.15,2.199,2.381,0.70,1.89,2.41,0.86,2.00,7.60,4.34,4.06,2.88,4.36
"ENE 2004",2.00,3.00,1.00,"_",2.063,2.076,2.09,2.115,2.216,0.70,1.90,2.74,0.89,1.99,8.29,4.38,4.01,2.71,4.26
"FEB 2004",2.00,3.00,1.00,"_",2.055,2.061,2.07,2.086,2.163,0.70,1.89,2.45,0.88,1.98,8.21,4.23,4.01,2.71,4.18
"MAR 2004",2.00,3.00,1.00,"_",2.047,2.043,2.03,2.019,2.055,0.71,1.90,2.30,0.88,1.96,8.10,4.12,3.97,2.48,4.02
"ABR 2004",2.00,3.00,1.00,"_",2.052,2.052,2.05,2.061,2.163,0.70,1.90,2.41,0.87,1.97,7.96,4.05,3.92,2.75,4.24
"MAY 2004",2.00,3.00,1.00,"_",2.050,2.061,2.09,2.136,2.297,0.71,1.85,2.42,0.86,1.96,8.05,4.02,4.00,2.94,4.39
"JUN 2004",2.00,3.00,1.00,"_",2.066,2.076,2.11,2.188,2.404,0.70,1.87,2.42,0.87,1.99,8.04,4.05,3.98,3.06,4.44
"JUL 2004",2.00,3.00,1.00,"_",2.069,2.076,2.12,2.188,2.361,0.70,1.91,2.54,0.86,1.99,8.14,4.10,4.02,2.97,4.34
"AGO 2004",2.00,3.00,1.00,"_",2.066,2.077,2.11,2.169,2.302,0.72,1.91,2.67,0.87,1.99,8.31,4.19,4.05,2.83,4.17
"SEP 2004",2.00,3.00,1.00,"_",2.067,2.078,2.12,2.200,2.377,0.72,1.90,2.48,0.90,2.00,8.29,4.11,4.00,2.87,4.11
"OCT 2004",2.00,3.00,1.00,"_",2.083,2.086,2.15,2.191,2.316,0.72,1.93,2.48,0.90,2.04,8.20,4.07,4.02,2.71,3.98
"NOV 2004",2.00,3.00,1.00,"_",2.095,2.110,2.17,2.217,2.328,0.73,1.95,2.50,0.90,2.04,8.06,3.99,4.02,2.62,3.87
"DIC 2004",2.00,3.00,1.00,"_",2.132,2.167,2.17,2.206,2.301,0.73,1.95,2.31,0.91,2.08,7.76,3.94,3.98,2.53,3.69
"ENE 2005",2.00,3.00,1.00,"_",2.100,2.111,2.15,2.192,2.312,0.74,1.95,2.53,0.94,2.04,8.22,3.95,3.97,2.57,3.63
"FEB 2005",2.00,3.00,1.00,"_",2.090,2.104,2.14,2.185,2.310,0.74,1.95,2.33,0.94,2.00,7.91,3.86,3.91,2.67,3.62
"MAR 2005",2.00,3.00,1.00,"_",2.086,2.103,2.14,2.192,2.335,0.74,1.93,2.42,0.94,2.00,8.09,3.87,3.90,2.74,3.76
"ABR 2005",2.00,3.00,1.00,"_",2.092,2.105,2.14,2.172,2.265,0.74,1.94,2.32,0.95,2.01,8.04,3.86,3.89,2.55,3.57
"MAY 2005",2.00,3.00,1.00,"_",2.095,2.104,2.13,2.144,2.193,0.75,1.94,2.20,0.95,2.01,8.11,3.82,3.91,2.41,3.41
"JUN 2005",2.00,3.00,1.00,"_",2.097,2.104,2.11,2.107,2.103,0.70,1.95,2.19,0.94,2.01,7.96,3.75,3.87,2.24,3.25
"JUL 2005",2.00,3.00,1.00,"_",2.099,2.106,2.12,2.135,2.168,0.68,1.93,2.18,0.94,2.02,8.02,3.73,3.86,2.34,3.32
"AGO 2005",2.00,3.00,1.00,"_",2.101,2.113,2.13,2.160,2.223,0.68,1.95,2.09,0.97,2.03,8.16,3.76,3.91,2.40,3.32
"SEP 2005",2.00,3.00,1.00,"_",2.107,2.115,2.14,2.167,2.219,0.69,1.97,2.04,0.97,2.04,8.10,3.71,3.81,2.34,3.16
"OCT 2005",2.00,3.00,1.00,"_",2.103,2.121,2.20,2.272,2.414,0.69,1.99,2.16,0.97,2.04,8.00,3.73,3.88,2.61,3.32
"NOV 2005",2.00,3.00,1.00,"_",2.125,2.223,2.36,2.500,2.684,0.70,2.02,2.18,1.00,2.08,7.74,3.79,3.92,2.86,3.53
"DIC 2005",2.25,3.25,1.25,"_",2.367,2.410,2.47,2.599,2.783,0.71,2.15,2.21,1.02,2.25,7.55,3.91,3.99,2.88,3.41
"ENE 2006",2.25,3.25,1.25,"_",2.357,2.388,2.51,2.651,2.833,0.73,2.21,2.56,1.05,2.27,8.00,4.04,4.08,2.94,3.39
"FEB 2006",2.25,3.25,1.25,"_",2.373,2.459,2.60,2.725,2.914,0.74,2.24,2.36,1.08,2.31,7.92,4.04,4.13,3.07,3.55
"MAR 2006",2.50,3.50,1.50,"_",2.603,2.633,2.72,2.872,3.105,0.77,2.37,2.45,1.15,2.48,7.88,4.12,4.23,3.30,3.73
"ABR 2006",2.50,3.50,1.50,"_",2.635,2.649,2.79,2.956,3.221,0.79,2.40,2.49,1.16,2.52,7.97,4.24,4.35,3.49,4.01
"MAY 2006",2.50,3.50,1.50,"_",2.621,2.693,2.89,3.058,3.308,0.79,2.45,2.48,1.18,2.59,7.96,4.30,4.38,3.52,4.06
"JUN 2006",2.75,3.75,1.75,"_",2.793,2.869,2.99,3.158,3.401,0.81,2.57,2.57,1.23,2.70,7.93,4.39,4.47,3.59,4.08
"JUL 2006",2.75,3.75,1.75,"_",2.843,2.939,3.10,3.288,3.539,0.81,2.70,2.80,1.24,2.78,8.07,4.49,4.57,3.69,4.10
"AGO 2006",3.00,4.00,2.00,"_",3.052,3.094,3.23,3.410,3.615,0.85,2.79,2.82,1.32,2.92,8.26,4.58,4.70,3.65,3.97
"SEP 2006",3.00,4.00,2.00,"_",3.074,3.157,3.34,3.527,3.715,0.86,2.87,2.66,1.36,2.99,8.16,4.62,4.75,3.64,3.84
"OCT 2006",3.25,4.25,2.25,"_",3.316,3.350,3.50,3.645,3.799,0.90,3.04,2.87,1.46,3.19,7.98,4.69,4.91,3.70,3.88
"NOV 2006",3.25,4.25,2.25,"_",3.346,3.421,3.60,3.728,3.864,0.91,3.10,2.80,1.49,3.26,7.98,4.74,5.00,3.70,3.80
"DIC 2006",3.50,4.50,2.50,"_",3.571,3.640,3.68,3.789,3.921,0.92,3.27,2.79,1.52,3.48,7.83,4.76,5.08,3.79,3.90
"ENE 2007",3.50,4.50,2.50,"_",3.594,3.616,3.75,3.890,4.064,0.98,3.33,2.92,1.61,3.49,8.50,4.82,5.16,3.96,4.10
"FEB 2007",3.50,4.50,2.50,"_",3.586,3.651,3.82,3.944,4.094,1.00,3.37,2.72,1.64,3.49,8.56,4.90,5.21,3.98,4.12
"MAR 2007",3.75,4.75,2.75,"_",3.784,3.844,3.89,3.996,4.106,1.02,3.51,2.68,1.71,3.67,8.41,4.94,5.30,3.94,4.02
"ABR 2007",3.75,4.75,2.75,"_",3.845,3.859,3.98,4.097,4.253,1.05,3.59,2.78,1.75,3.74,8.44,4.99,5.37,4.12,4.25
"MAY 2007",3.75,4.75,2.75,"_",3.848,3.919,4.07,4.197,4.373,1.06,3.62,2.72,1.78,3.75,8.57,5.05,5.43,4.28,4.37
"JUN 2007",4.00,5.00,3.00,"_",4.042,4.098,4.15,4.283,4.505,1.08,3.77,2.64,1.78,3.94,8.58,5.16,5.53,4.51,4.66
"JUL 2007",4.00,5.00,3.00,"_",4.084,4.105,4.22,4.359,4.564,1.10,3.86,2.97,1.82,4.02,8.66,5.28,5.58,4.52,4.63
"AGO 2007",4.00,5.00,3.00,"_",4.141,4.308,4.54,4.594,4.666,1.14,3.93,3.01,1.89,4.08,8.71,5.28,5.77,4.23,4.43
"SEP 2007",4.00,5.00,3.00,"_",4.224,4.434,4.74,4.751,4.724,1.16,4.06,2.92,1.91,4.14,8.79,5.35,5.93,4.14,4.37
"OCT 2007",4.00,5.00,3.00,"_",4.100,4.236,4.69,4.663,4.647,1.17,4.11,3.31,1.97,4.07,8.63,5.39,5.96,4.16,4.40
"NOV 2007",4.00,5.00,3.00,"_",4.120,4.216,4.64,4.630,4.607,1.18,4.08,3.20,2.02,4.11,8.75,5.38,5.96,3.96,4.25
"DIC 2007",4.00,5.00,3.00,"_",4.164,4.711,4.85,4.819,4.793,1.18,4.28,3.18,1.95,4.26,8.48,5.40,6.08,4.06,4.38
"ENE 2008",4.00,5.00,3.00,"_",4.134,4.197,4.48,4.501,4.498,1.20,4.19,3.43,2.02,4.13,8.69,5.36,5.93,3.75,4.23
"FEB 2008",4.00,5.00,3.00,"_",4.120,4.182,4.36,4.356,4.349,1.21,4.10,3.22,2.02,4.07,9.01,5.32,5.84,3.45,4.14
"MAR 2008",4.00,5.00,3.00,"_",4.191,4.305,4.60,4.593,4.590,1.22,4.14,3.08,2.03,4.20,8.83,5.25,5.91,3.55,4.07
"ABR 2008",4.00,5.00,3.00,"_",4.236,4.369,4.78,4.795,4.820,1.22,4.28,3.14,2.06,4.27,8.82,5.26,6.03,3.90,4.28
"MAY 2008",4.00,5.00,3.00,"_",4.221,4.387,4.86,4.897,4.994,1.23,4.32,3.16,2.08,4.26,8.93,5.34,6.10,4.13,4.42
"JUN 2008",4.00,5.00,3.00,"_",4.203,4.472,4.94,5.088,5.361,1.24,4.43,3.28,2.06,4.35,8.87,5.46,6.16,4.73,4.81
"JUL 2008",4.25,5.25,3.25,"_",4.338,4.472,4.96,5.148,5.393,1.26,4.61,3.37,2.14,4.46,9.07,5.63,6.26,4.66,4.81
"AGO 2008",4.25,5.25,3.25,"_",4.397,4.487,4.97,5.160,5.323,1.29,4.59,3.45,2.17,4.46,9.11,5.69,6.27,4.27,4.50
"SEP 2008",4.25,5.25,3.25,"_",4.533,4.660,5.02,5.219,5.384,1.32,4.65,3.36,2.20,4.52,9.07,5.69,6.34,4.11,4.50
"OCT 2008",3.75,4.25,3.25,"_",4.293,4.831,5.11,5.178,5.248,1.34,4.77,3.57,2.20,4.26,9.16,5.68,6.52,3.47,4.42
"NOV 2008",3.25,3.75,2.75,"_",3.353,3.843,4.24,4.295,4.350,1.29,4.26,3.71,1.98,3.53,9.12,5.53,6.04,3.04,4.20
"DIC 2008",2.50,3.00,2.00,"_",2.567,2.993,3.29,3.365,3.452,1.16,3.75,3.69,1.61,2.87,8.61,5.18,5.38,2.86,3.89
"ENE 2009",2.00,3.00,1.00,"_",1.897,2.142,2.46,2.539,2.622,1.02,3.28,3.52,1.26,2.25,8.82,4.76,4.73,2.62,4.10
"FEB 2009",2.00,3.00,1.00,"_",1.369,1.628,1.94,2.034,2.135,0.90,2.63,3.23,1.10,1.61,8.54,4.49,4.32,2.32,4.20
"MAR 2009",1.50,2.50,0.50,"_",1.050,1.269,1.64,1.775,1.909,0.80,2.24,3.07,0.93,1.37,8.19,4.25,4.03,2.24,4.14
"ABR 2009",1.25,2.25,0.25,"_",0.900,1.012,1.42,1.608,1.771,0.66,2.01,2.87,0.76,1.15,8.21,4.09,3.82,2.20,4.09
"MAY 2009",1.00,1.75,0.25,"_",0.789,0.884,1.28,1.480,1.644,0.61,1.89,2.72,0.73,1.08,8.24,3.98,3.73,2.11,4.13
"JUN 2009",1.00,1.75,0.25,"_",0.818,0.913,1.23,1.436,1.610,0.56,1.86,2.56,0.63,1.04,8.02,3.94,3.64,2.23,4.33
"JUL 2009",1.00,1.75,0.25,"_",0.391,0.610,0.97,1.213,1.412,0.52,1.86,2.61,0.57,0.82,8.23,3.89,3.56,1.97,4.09
"AGO 2009",1.00,1.75,0.25,"_",0.348,0.508,0.86,1.115,1.334,0.50,1.72,2.64,0.54,0.71,8.40,3.92,3.42,2.00,3.89
"SEP 2009",1.00,1.75,0.25,"_",0.342,0.455,0.77,1.042,1.261,0.49,1.61,2.52,0.52,0.69,8.32,3.76,3.36,1.80,3.87
"OCT 2009",1.00,1.75,0.25,"_",0.351,0.430,0.74,1.017,1.243,0.46,1.68,2.55,0.49,0.66,8.18,3.70,3.34,1.87,3.80
"NOV 2009",1.00,1.75,0.25,"_",0.365,0.435,0.72,0.993,1.231,0.46,1.67,2.56,0.48,0.70,7.95,3.64,3.34,1.86,3.84
"DIC 2009",1.00,1.75,0.25,"_",0.388,0.478,0.71,0.996,1.242,0.45,1.67,2.40,0.47,0.77,7.58,3.63,3.28,1.84,3.87
"ENE 2010",1.00,1.75,0.25,"_",0.355,0.437,0.68,0.977,1.232,0.43,1.74,2.52,0.45,0.72,8.09,3.62,3.25,2.01,4.10
"FEB 2010",1.00,1.75,0.25,"_",0.345,0.421,0.66,0.965,1.225,0.42,1.75,2.36,0.44,0.73,8.13,3.54,3.26,2.02,4.11
"MAR 2010",1.00,1.75,0.25,"_",0.341,0.406,0.64,0.952,1.215,0.42,1.90,2.24,0.44,0.79,7.86,3.47,3.24,1.81,3.99
"ABR 2010",1.00,1.75,0.25,"_",0.346,0.405,0.64,0.955,1.225,0.41,2.02,2.14,0.43,0.78,8.00,3.51,3.19,1.96,4.16
"MAY 2010",1.00,1.75,0.25,"_",0.361,0.423,0.69,0.982,1.249,0.40,2.04,2.24,0.43,0.77,7.91,3.40,3.25,1.97,3.68
"JUN 2010",1.00,1.75,0.25,"_",0.375,0.446,0.73,1.012,1.281,0.42,2.15,2.45,0.44,0.89,7.34,3.53,3.23,2.01,3.70
"JUL 2010",1.00,1.75,0.25,"_",0.527,0.583,0.85,1.104,1.373,0.41,2.30,2.36,0.46,1.06,7.55,3.62,3.28,2.27,3.62
"AGO 2010",1.00,1.75,0.25,"_",0.544,0.640,0.90,1.147,1.421,0.42,2.20,2.35,0.46,1.01,7.64,3.74,3.38,2.21,3.44
"SEP 2010",1.00,1.75,0.25,"_",0.508,0.618,0.88,1.137,1.420,0.42,2.24,2.29,0.47,1.11,7.57,3.61,3.35,2.19,3.50
"OCT 2010",1.00,1.75,0.25,"_",0.736,0.784,1.00,1.224,1.495,0.42,2.35,2.80,0.50,1.18,7.42,3.59,3.44,2.10,3.34
"NOV 2010",1.00,1.75,0.25,"_",0.729,0.834,1.04,1.269,1.540,0.42,2.32,2.66,0.51,1.16,7.39,3.64,3.53,2.55,3.73
"DIC 2010",1.00,1.75,0.25,"_",0.657,0.811,1.02,1.251,1.526,0.41,2.25,2.61,0.51,1.19,7.07,3.68,3.49,2.75,4.07
"ENE 2011",1.00,1.75,0.25,"_",0.689,0.793,1.02,1.254,1.550,0.42,2.38,2.77,0.55,1.29,7.49,3.81,3.44,2.94,3.94
"FEB 2011",1.00,1.75,0.25,"_",0.830,0.894,1.09,1.352,1.714,0.43,2.35,2.80,0.53,1.32,7.61,3.89,3.59,3.19,4.48
"MAR 2011",1.00,1.75,0.25,"_",0.809,0.903,1.18,1.483,1.924,0.44,2.34,2.91,0.55,1.37,7.67,3.92,3.69,3.71,4.49
"ABR 2011",1.25,2.00,0.50,"_",1.076,1.127,1.32,1.621,2.086,0.45,2.46,3.07,0.62,1.58,7.55,4.02,3.77,4.06,4.66
"MAY 2011",1.25,2.00,0.50,"_",1.185,1.243,1.43,1.707,2.147,0.47,2.52,3.06,0.64,1.65,7.77,4.08,3.91,4.44,4.37
"JUN 2011",1.25,2.00,0.50,"_",1.187,1.279,1.49,1.749,2.144,0.48,2.57,3.15,0.68,1.78,7.69,4.08,3.94,4.67,4.37
"JUL 2011",1.50,2.25,0.75,"_",1.324,1.422,1.60,1.818,2.183,0.50,2.73,3.10,0.67,1.78,7.74,4.09,4.08,5.07,4.59
"AGO 2011",1.50,2.25,0.75,"_",1.166,1.373,1.55,1.755,2.097,0.52,2.72,2.99,0.69,1.67,7.89,4.15,4.09,4.45,4.21
"SEP 2011",1.50,2.25,0.75,"_",1.134,1.347,1.54,1.736,2.067,0.53,2.71,2.91,0.70,1.75,7.94,4.01,4.17,5.42,4.04
"OCT 2011",1.50,2.25,0.75,"_",1.166,1.363,1.58,1.776,2.110,0.54,2.87,3.12,0.70,1.72,7.90,3.94,4.26,6.08,4.09
"NOV 2011",1.25,2.00,0.50,"_",0.954,1.227,1.48,1.706,2.044,0.53,2.76,3.01,0.67,1.53,7.62,3.95,4.34,8.10,4.41
"DIC 2011",1.00,1.75,0.25,"_",0.815,1.143,1.43,1.671,2.004,0.52,2.76,3.04,0.66,1.53,7.35,4.01,4.43,6.50,4.11
"ENE 2012",1.00,1.75,0.25,"_",0.488,0.836,1.22,1.505,1.837,0.51,2.92,3.13,0.62,1.36,7.85,4.02,4.36,5.96,3.92
"FEB 2012",1.00,1.75,0.25,"_",0.372,0.626,1.05,1.345,1.678,0.50,2.87,3.14,0.61,1.26,7.87,3.91,4.28,7.62,3.75
"MAR 2012",1.00,1.75,0.25,"_",0.321,0.467,0.86,1.164,1.499,0.49,2.84,3.02,0.59,1.31,7.63,3.83,4.20,3.77,3.29
"ABR 2012",1.00,1.75,0.25,"_",0.317,0.409,0.74,1.040,1.368,0.47,2.80,2.84,0.56,1.15,7.53,3.77,4.17,2.20,3.39
"MAY 2012",1.00,1.75,0.25,"_",0.317,0.394,0.68,0.970,1.266,0.46,2.64,2.68,0.55,1.07,7.66,3.71,4.14,2.26,3.53
"JUN 2012",1.00,1.75,0.25,"_",0.321,0.380,0.66,0.935,1.219,0.45,2.69,2.64,0.53,1.11,7.41,3.64,4.07,2.45,3.41
"JUL 2012",0.75,1.50,0.00,"_",0.162,0.219,0.50,0.779,1.061,0.43,2.78,2.61,0.49,1.14,7.58,3.57,4.11,2.26,3.25
"AGO 2012",0.75,1.50,0.00,"_",0.094,0.132,0.33,0.606,0.877,0.41,2.63,2.51,0.47,1.09,7.56,3.47,3.94,2.07,3.01
"SEP 2012",0.75,1.50,0.00,"_",0.086,0.119,0.25,0.484,0.740,0.40,2.77,2.42,0.47,1.11,7.41,3.44,3.87,1.51,2.43
"OCT 2012",0.75,1.50,0.00,"_",0.080,0.111,0.21,0.412,0.650,0.39,2.72,2.47,0.46,1.05,7.32,3.39,3.91,1.49,2.31
"NOV 2012",0.75,1.50,0.00,"_",0.078,0.109,0.19,0.360,0.588,0.38,2.70,2.33,0.44,1.04,7.27,3.33,3.89,1.49,2.25
"DIC 2012",0.75,1.50,0.00,"_",0.079,0.111,0.19,0.324,0.549,0.37,2.71,2.25,0.42,1.07,7.05,3.40,3.78,1.33,2.10
"ENE 2013",0.75,1.50,0.00,"_",0.081,0.113,0.20,0.344,0.575,0.35,2.58,2.41,0.40,1.10,7.41,3.32,3.77,1.31,2.40
"FEB 2013",0.75,1.50,0.00,"_",0.082,0.120,0.22,0.362,0.594,0.34,2.42,2.29,0.40,1.05,7.40,3.34,3.82,1.41,2.86
"MAR 2013",0.75,1.50,0.00,"_",0.082,0.118,0.21,0.329,0.545,0.34,2.26,2.28,0.40,0.96,7.29,3.37,3.74,1.34,3.03
"ABR 2013",0.75,1.50,0.00,"_",0.083,0.118,0.21,0.324,0.528,0.33,2.31,2.26,0.39,0.96,7.22,3.35,3.84,1.17,2.86
"MAY 2013",0.50,1.00,0.00,"_",0.083,0.112,0.20,0.299,0.484,0.32,2.02,2.25,0.39,0.90,7.35,3.31,3.87,1.04,2.69
"JUN 2013",0.50,1.00,0.00,"_",0.093,0.121,0.21,0.321,0.507,0.30,1.86,2.11,0.38,0.83,7.24,3.24,3.72,1.42,3.07
"JUL 2013",0.50,1.00,0.00,"_",0.099,0.125,0.22,0.336,0.525,0.29,1.85,2.08,0.37,0.82,7.25,3.26,3.84,1.28,3.10
"AGO 2013",0.50,1.00,0.00,"_",0.103,0.128,0.23,0.342,0.542,0.29,1.78,2.05,0.37,0.70,7.26,3.30,3.71,1.25,3.10
"SEP 2013",0.50,1.00,0.00,"_",0.098,0.128,0.22,0.340,0.543,0.28,1.68,2.06,0.35,0.80,7.29,3.34,3.75,1.35,3.41
"OCT 2013",0.50,1.00,0.00,"_",0.099,0.128,0.23,0.342,0.541,0.28,1.70,2.07,0.34,0.78,7.21,3.33,3.85,1.19,3.16
"NOV 2013",0.25,0.75,0.00,"_",0.107,0.132,0.22,0.327,0.506,0.27,1.58,2.02,0.34,0.75,7.27,3.35,3.83,0.97,3.17
"DIC 2013",0.25,0.75,0.00,"_",0.175,0.214,0.27,0.371,0.543,0.27,1.56,1.91,0.34,0.79,7.10,3.35,3.78,1.03,3.31
"ENE 2014",0.25,0.75,0.00,"_",0.194,0.224,0.29,0.396,0.562,0.26,1.64,1.94,0.33,0.70,7.32,3.28,3.83,0.97,3.21
"FEB 2014",0.25,0.75,0.00,"_",0.190,0.224,0.29,0.387,0.549,0.26,1.59,1.93,0.33,0.64,7.32,3.29,3.81,0.84,3.09
"MAR 2014",0.25,0.75,0.00,"_",0.195,0.232,0.31,0.407,0.577,0.26,1.55,1.86,0.35,0.66,7.19,3.21,3.78,0.84,2.89
"ABR 2014",0.25,0.75,0.00,"_",0.223,0.253,0.33,0.430,0.604,0.26,1.55,1.84,0.34,0.70,7.09,3.19,3.78,0.72,2.61
"MAY 2014",0.25,0.75,0.00,"_",0.243,0.259,0.32,0.417,0.592,0.26,1.41,1.74,0.34,0.62,7.25,3.14,3.78,0.68,2.55
"JUN 2014",0.15,0.40,-0.10,"_",0.110,0.153,0.24,0.333,0.513,0.25,1.33,1.73,0.31,0.58,7.11,3.11,3.59,0.55,2.28
"JUL 2014",0.15,0.40,-0.10,"_",0.051,0.096,0.21,0.305,0.488,0.23,1.30,1.75,0.28,0.57,7.06,3.03,3.59,0.43,2.16
"AGO 2014",0.15,0.40,-0.10,"_",0.041,0.085,0.19,0.292,0.469,0.22,1.22,1.66,0.28,0.48,7.05,2.96,3.47,0.36,1.99
"SEP 2014",0.05,0.30,-0.20,"_",-0.008,0.018,0.10,0.200,0.362,0.21,1.19,1.70,0.26,0.49,6.99,2.88,3.32,0.30,1.85
"OCT 2014",0.05,0.30,-0.20,"_",-0.012,0.008,0.08,0.184,0.338,0.20,1.11,1.65,0.24,0.48,6.98,2.81,3.30,0.36,1.69
"NOV 2014",0.05,0.30,-0.20,"_",-0.010,0.010,0.08,0.182,0.335,0.20,1.04,1.66,0.24,0.42,6.98,2.76,3.20,0.37,1.62
"DIC 2014",0.05,0.30,-0.20,"_",-0.007,0.023,0.08,0.176,0.329,0.20,0.97,1.56,0.24,0.42,6.53,2.74,3.13,0.31,1.45
"ENE 2015",0.05,0.30,-0.20,"_",-0.035,0.005,0.06,0.152,0.298,0.19,1.03,1.95,0.23,0.43,6.73,2.69,3.16,0.21,1.27
"FEB 2015",0.05,0.30,-0.20,"_",-0.025,0.000,0.05,0.126,0.255,0.18,1.00,1.53,0.22,0.33,6.82,2.59,3.06,0.13,1.21
"MAR 2015",0.05,0.30,-0.20,"_",-0.043,-0.010,0.03,0.097,0.212,0.17,0.90,1.24,0.22,0.30,6.50,2.53,2.95,0.05,0.96
"ABR 2015",0.05,0.30,-0.20,"_",-0.079,-0.029,0.00,0.073,0.180,0.16,0.89,1.19,0.19,0.29,6.42,2.50,2.93,0.02,0.85
"MAY 2015",0.05,0.30,-0.20,"_",-0.111,-0.050,-0.01,0.057,0.165,0.16,0.87,1.14,0.19,0.29,6.60,2.46,2.89,0.07,1.34
"JUN 2015",0.05,0.30,-0.20,"_",-0.124,-0.063,-0.01,0.049,0.163,0.15,0.79,1.12,0.19,0.28,6.47,2.49,2.76,0.17,1.67
"JUL 2015",0.05,0.30,-0.20,"_",-0.130,-0.071,-0.02,0.049,0.167,0.15,0.68,1.15,0.18,0.31,6.53,2.57,2.83,0.10,1.53
"AGO 2015",0.05,0.30,-0.20,"_",-0.139,-0.088,-0.03,0.044,0.161,0.14,0.68,1.00,0.18,0.22,6.62,2.60,2.80,0.05,1.39
"SEP 2015",0.05,0.30,-0.20,"_",-0.145,-0.105,-0.04,0.035,0.154,0.14,0.68,1.08,0.17,0.25,6.55,2.61,2.78,0.06,1.48
"OCT 2015",0.05,0.30,-0.20,"_",-0.148,-0.116,-0.05,0.020,0.128,0.14,0.65,0.99,0.17,0.25,6.43,2.58,2.76,-0.01,1.20
"NOV 2015",0.05,0.30,-0.20,"_",-0.156,-0.140,-0.09,-0.015,0.079,0.14,0.65,0.96,0.16,0.21,6.60,2.62,2.71,-0.08,1.16
"DIC 2015",0.05,0.30,-0.30,"_",-0.227,-0.190,-0.13,-0.040,0.059,0.13,0.65,0.98,0.15,0.21,6.25,2.55,2.63,-0.05,1.19
"ENE 2016",0.05,0.30,-0.30,"_",-0.261,-0.223,-0.15,-0.061,0.042,0.12,0.64,1.25,0.13,0.26,6.64,2.53,2.71,-0.12,1.11
"FEB 2016",0.05,0.30,-0.30,"_",-0.266,-0.246,-0.18,-0.115,-0.008,0.12,0.62,0.90,0.13,0.23,6.46,2.49,2.68,-0.15,1.04
"MAR 2016",0.00,0.25,-0.40,"_",-0.315,-0.308,-0.23,-0.134,-0.012,0.11,0.61,0.88,0.14,0.15,6.34,2.38,2.58,-0.19,0.93
"ABR 2016",0.00,0.25,-0.40,"_",-0.359,-0.341,-0.25,-0.138,-0.010,0.11,0.60,0.85,0.12,0.18,6.35,2.41,2.56,-0.18,0.96
"MAY 2016",0.00,0.25,-0.40,"_",-0.362,-0.348,-0.26,-0.144,-0.013,0.10,0.55,0.87,0.11,0.12,6.46,2.36,2.52,-0.21,0.97
"JUN 2016",0.00,0.25,-0.40,"_",-0.366,-0.356,-0.27,-0.162,-0.028,0.09,0.57,0.85,0.11,0.14,6.18,2.32,2.36,-0.21,0.88
"JUL 2016",0.00,0.25,-0.40,"_",-0.376,-0.369,-0.29,-0.188,-0.056,0.09,0.50,0.91,0.10,0.16,6.29,2.32,2.42,-0.30,0.62
"AGO 2016",0.00,0.25,-0.40,"_",-0.378,-0.370,-0.30,-0.189,-0.048,0.08,0.52,0.83,0.09,0.15,6.37,2.31,2.39,-0.32,0.61
"SEP 2016",0.00,0.25,-0.40,"_",-0.380,-0.371,-0.30,-0.199,-0.057,0.08,0.52,0.79,0.09,0.12,6.14,2.28,2.34,-0.30,0.74
"OCT 2016",0.00,0.25,-0.40,"_",-0.380,-0.371,-0.31,-0.207,-0.069,0.08,0.45,0.75,0.08,0.15,6.11,2.25,2.35,-0.26,0.78
"NOV 2016",0.00,0.25,-0.40,"_",-0.380,-0.373,-0.31,-0.215,-0.074,0.08,0.44,0.78,0.07,0.12,6.12,2.24,2.33,-0.16,1.23
"DIC 2016",0.00,0.25,-0.40,"_",-0.378,-0.370,-0.32,-0.218,-0.080,0.07,0.45,0.76,0.06,0.11,5.86,2.24,2.31,-0.26,1.29
"ENE 2017",0.00,0.25,-0.40,"_",-0.378,-0.371,-0.33,-0.236,-0.095,0.07,0.43,0.76,0.06,0.12,6.23,2.28,2.33,-0.24,1.31
"FEB 2017",0.00,0.25,-0.40,"_",-0.379,-0.372,-0.33,-0.241,-0.106,0.06,0.42,0.77,0.05,0.09,6.17,2.29,2.27,-0.16,1.45
"MAR 2017",0.00,0.25,-0.40,"_",-0.379,-0.372,-0.33,-0.241,-0.110,0.06,0.42,0.74,0.05,0.06,6.08,2.25,2.25,-0.15,1.46
"ABR 2017",0.00,0.25,-0.40,"_",-0.379,-0.372,-0.33,-0.246,-0.119,0.06,0.41,0.73,0.05,0.09,5.96,2.26,2.25,-0.22,1.26
"MAY 2017",0.00,0.25,-0.40,"_",-0.379,-0.373,-0.33,-0.251,-0.127,0.05,0.40,0.81,0.05,0.09,6.22,2.23,2.23,-0.27,1.18
"JUN 2017",0.00,0.25,-0.40,"_",-0.379,-0.373,-0.33,-0.267,-0.149,0.05,0.39,0.77,0.04,0.05,6.19,2.22,2.19,-0.26,1.07
"JUL 2017",0.00,0.25,-0.40,"_",-0.379,-0.373,-0.33,-0.273,-0.154,0.05,0.39,0.76,0.04,0.10,6.28,2.22,2.21,-0.21,1.21
"AGO 2017",0.00,0.25,-0.40,"_",-0.379,-0.372,-0.33,-0.272,-0.156,0.05,0.36,0.75,0.04,0.10,6.34,2.21,2.21,-0.29,1.04
"SEP 2017",0.00,0.25,-0.40,"_",-0.379,-0.372,-0.33,-0.273,-0.168,0.05,0.36,0.74,0.04,0.06,6.20,2.20,2.18,-0.32,1.11
"OCT 2017",0.00,0.25,-0.40,"_",-0.380,-0.372,-0.33,-0.274,-0.180,0.05,0.36,0.75,0.04,0.11,6.16,2.18,2.15,-0.30,1.15
"NOV 2017",0.00,0.25,-0.40,"_",-0.379,-0.372,-0.33,-0.274,-0.189,0.04,0.34,0.75,0.04,0.08,6.14,2.16,2.15,-0.35,0.95
"DIC 2017",0.00,0.25,-0.40,"_",-0.377,-0.369,-0.33,-0.271,-0.190,0.05,0.34,0.73,0.04,0.06,5.80,2.15,2.11,-0.32,0.88
"ENE 2018",0.00,0.25,-0.40,"_",-0.379,-0.369,-0.33,-0.274,-0.189,0.04,0.36,0.69,0.04,0.05,6.28,2.14,2.10,-0.20,1.03
"FEB 2018",0.00,0.25,-0.40,"_",-0.379,-0.370,-0.33,-0.275,-0.191,0.04,0.36,0.69,0.04,0.08,6.19,2.14,2.10,-0.13,1.27
"MAR 2018",0.00,0.25,-0.40,"_",-0.378,-0.371,-0.33,-0.271,-0.191,0.04,0.36,0.67,0.04,0.08,6.06,2.15,2.11,-0.15,1.17
"ABR 2018",0.00,0.25,-0.40,"_",-0.379,-0.372,-0.33,-0.270,-0.190,0.04,0.37,0.61,0.03,0.06,6.15,2.13,2.08,-0.21,1.13
"MAY 2018",0.00,0.25,-0.40,"_",-0.380,-0.371,-0.33,-0.270,-0.188,0.04,0.36,0.57,0.03,0.08,6.39,2.14,2.06,-0.07,1.24
"JUN 2018",0.00,0.25,-0.40,"_",-0.379,-0.370,-0.32,-0.269,-0.181,0.03,0.34,0.63,0.04,0.06,6.12,2.13,2.03,0.12,1.29
"JUL 2018",0.00,0.25,-0.40,"_",-0.378,-0.370,-0.32,-0.269,-0.180,0.03,0.32,0.64,0.03,0.07,6.22,2.12,2.00,0.07,1.20
"AGO 2018",0.00,0.25,-0.40,"_",-0.377,-0.370,-0.32,-0.267,-0.169,0.03,0.29,0.64,0.03,0.08,6.42,2.11,2.02,0.25,1.37
"SEP 2018",0.00,0.25,-0.40,"_",-0.377,-0.371,-0.32,-0.268,-0.166,0.03,0.31,0.69,0.03,0.07,6.27,2.09,2.00,0.20,1.32
"OCT 2018",0.00,0.25,-0.40,"_",-0.376,-0.370,-0.32,-0.264,-0.154,0.03,0.30,0.73,0.03,0.05,6.23,2.10,1.99,0.49,1.56
"NOV 2018",0.00,0.25,-0.40,"_",-0.376,-0.369,-0.32,-0.257,-0.147,0.04,0.29,0.73,0.03,0.04,6.18,2.11,2.01,0.35,1.41
"DIC 2018",0.00,0.25,-0.40,"_",-0.377,-0.367,-0.31,-0.241,-0.129,0.03,0.31,0.78,0.03,0.06,5.99,2.11,1.96,0.16,1.21
"ENE 2019",0.00,0.25,-0.40,"_",-0.375,-0.366,-0.31,-0.236,-0.116,0.03,0.34,0.74,0.03,0.04,6.32,2.10,1.97,0.06,1.21
"FEB 2019",0.00,0.25,-0.40,"_",-0.373,-0.368,-0.31,-0.232,-0.108,0.03,0.32,0.70,0.03,0.02,6.26,2.09,1.97,0.10,1.12
"MAR 2019",0.00,0.25,-0.40,"_",-0.377,-0.367,-0.31,-0.230,-0.109,0.03,0.29,0.76,0.03,0.06,6.16,2.06,1.96,-0.01,0.99
"ABR 2019",0.00,0.25,-0.40,"_",-0.378,-0.367,-0.31,-0.231,-0.112,0.03,0.32,0.75,0.03,0.05,6.18,2.02,1.98,0.05,0.95
"MAY 2019",0.00,0.25,-0.40,"_",-0.381,-0.369,-0.31,-0.237,-0.134,0.03,0.29,0.79,0.03,0.02,6.33,1.99,1.97,0.04,0.87
"JUN 2019",0.00,0.25,-0.40,"_",-0.396,-0.385,-0.33,-0.279,-0.190,0.03,0.30,0.82,0.03,0.01,6.24,1.96,1.92,-0.10,0.58
"JUL 2019",0.00,0.25,-0.40,"_",-0.402,-0.395,-0.36,-0.347,-0.283,0.03,0.30,0.80,0.03,0.03,6.30,1.91,1.95,-0.30,0.36
"AGO 2019",0.00,0.25,-0.40,"_",-0.406,-0.410,-0.41,-0.405,-0.356,0.03,0.28,0.78,0.03,-0.05,6.34,1.84,1.90,-0.41,0.10
"SEP 2019",0.00,0.25,-0.50,"_",-0.454,-0.448,-0.42,-0.394,-0.339,0.03,0.26,0.78,0.03,-0.07,6.17,1.77,1.87,-0.50,0.05
"OCT 2019",0.00,0.25,-0.50,-0.549,-0.495,-0.455,-0.41,-0.362,-0.304,0.03,0.23,0.83,0.02,-0.04,6.19,1.74,1.90,-0.44,0.14
"NOV 2019",0.00,0.25,-0.50,-0.536,-0.483,-0.450,-0.40,-0.337,-0.272,0.03,0.22,0.73,0.02,-0.05,6.25,1.81,1.88,-0.35,0.31
"DIC 2019",0.00,0.25,-0.50,-0.541,-0.493,-0.453,-0.39,-0.336,-0.261,0.03,0.21,0.78,0.01,-0.01,5.87,1.75,1.86,-0.34,0.37
"ENE 2020",0.00,0.25,-0.50,-0.538,-0.504,-0.457,-0.39,-0.330,-0.253,0.02,0.27,0.71,0.01,-0.08,6.23,1.74,1.96,-0.35,0.32
"FEB 2020",0.00,0.25,-0.50,-0.538,-0.512,-0.473,-0.41,-0.355,-0.288,0.02,0.34,0.69,0.00,-0.13,6.13,1.72,1.86,-0.43,0.14
"MAR 2020",0.00,0.25,-0.50,-0.534,-0.508,-0.478,-0.42,-0.365,-0.266,0.02,0.32,0.64,0.00,-0.09,5.88,1.65,1.79,-0.16,0.37
"ABR 2020",0.00,0.25,-0.50,-0.537,-0.513,-0.428,-0.25,-0.192,-0.108,0.02,0.22,0.72,-0.00,-0.08,5.54,1.67,1.43,-0.00,0.55
"MAY 2020",0.00,0.25,-0.50,-0.542,-0.513,-0.464,-0.27,-0.143,-0.081,0.02,0.21,0.69,-0.00,-0.13,5.64,1.70,1.40,-0.09,0.48
"JUN 2020",0.00,0.25,-0.50,-0.546,-0.518,-0.493,-0.38,-0.223,-0.147,0.02,0.21,0.71,-0.00,-0.14,5.57,1.69,1.57,-0.24,0.35
"JUL 2020",0.00,0.25,-0.50,-0.550,-0.528,-0.509,-0.44,-0.346,-0.279,0.02,0.20,0.74,-0.00,-0.19,5.70,1.68,1.73,-0.33,0.22
"AGO 2020",0.00,0.25,-0.50,-0.553,-0.534,-0.517,-0.48,-0.433,-0.359,0.02,0.17,0.71,-0.00,-0.20,5.88,1.68,1.71,-0.38,0.16
"SEP 2020",0.00,0.25,-0.50,-0.554,-0.536,-0.522,-0.49,-0.463,-0.415,0.02,0.18,0.70,-0.00,-0.20,5.75,1.67,1.77,-0.42,0.12
"OCT 2020",0.00,0.25,-0.50,-0.554,-0.539,-0.538,-0.51,-0.494,-0.466,0.02,0.20,0.69,-0.00,-0.22,5.80,1.65,1.81,-0.52,0.00
"NOV 2020",0.00,0.25,-0.50,-0.556,-0.547,-0.541,-0.52,-0.509,-0.481,0.02,0.19,0.71,-0.01,-0.21,5.91,1.63,1.80,-0.57,-0.06
"DIC 2020",0.00,0.25,-0.50,-0.557,-0.560,-0.561,-0.54,-0.519,-0.497,0.01,0.16,0.72,-0.01,-0.20,5.72,1.63,1.81,-0.60,-0.09
"ENE 2021",0.00,0.25,-0.50,-0.563,-0.568,-0.562,-0.55,-0.529,-0.505,0.01,0.20,0.68,-0.01,-0.15,5.87,1.61,1.88,-0.56,-0.06
"FEB 2021",0.00,0.25,-0.50,-0.564,-0.566,-0.553,-0.54,-0.521,-0.501,0.01,0.20,0.66,-0.01,-0.22,5.87,1.59,1.80,-0.52,0.06
"MAR 2021",0.00,0.25,-0.50,-0.564,-0.565,-0.553,-0.54,-0.516,-0.487,0.01,0.18,0.61,-0.01,-0.11,5.73,1.58,1.77,-0.50,0.15
"ABR 2021",0.00,0.25,-0.50,-0.566,-0.564,-0.555,-0.54,-0.516,-0.484,0.01,0.19,0.62,-0.01,-0.18,5.79,1.60,1.83,-0.48,0.20
"MAY 2021",0.00,0.25,-0.50,-0.565,-0.565,-0.558,-0.54,-0.513,-0.481,0.01,0.16,0.57,-0.01,-0.24,5.94,1.61,1.75,-0.42,0.38
"JUN 2021",0.00,0.25,-0.50,-0.565,-0.567,-0.555,-0.54,-0.515,-0.484,0.01,0.14,0.59,-0.02,-0.31,5.77,1.61,1.75,-0.46,0.30
"JUL 2021",0.00,0.25,-0.50,-0.566,-0.566,-0.556,-0.55,-0.516,-0.491,0.01,0.16,0.55,-0.02,-0.31,5.86,1.61,1.77,-0.51,0.16
"AGO 2021",0.00,0.25,-0.50,-0.568,-0.571,-0.560,-0.55,-0.527,-0.498,0.01,0.15,0.58,-0.03,-0.36,5.91,1.60,1.70,-0.57,0.06
"SEP 2021",0.00,0.25,-0.50,-0.570,-0.570,-0.558,-0.55,-0.522,-0.492,0.01,0.15,0.57,-0.03,-0.36,5.88,1.59,1.71,-0.53,0.20
"OCT 2021",0.00,0.25,-0.50,-0.571,-0.570,-0.560,-0.55,-0.527,-0.477,0.01,0.18,0.57,-0.03,-0.36,5.84,1.61,1.74,-0.46,0.35
"NOV 2021",0.00,0.25,-0.50,-0.573,-0.573,-0.565,-0.57,-0.534,-0.487,0.01,0.18,0.57,-0.03,-0.36,5.82,1.61,1.70,-0.50,0.31
"DIC 2021",0.00,0.25,-0.50,-0.577,-0.580,-0.596,-0.58,-0.545,-0.502,0.01,0.15,0.60,-0.05,-0.34,5.65,1.61,1.72,-0.42,0.28
"ENE 2022",0.00,0.25,-0.50,-0.578,-0.576,-0.565,-0.56,-0.527,-0.477,0.01,0.18,0.56,-0.05,-0.32,5.87,1.62,1.75,-0.28,0.53
"FEB 2022",0.00,0.25,-0.50,-0.577,-0.571,-0.553,-0.53,-0.476,-0.335,0.01,0.17,0.56,-0.05,-0.33,5.85,1.66,1.69,0.09,0.94
"MAR 2022",0.00,0.25,-0.50,-0.579,-0.569,-0.544,-0.50,-0.418,-0.237,0.01,0.18,0.52,-0.06,-0.31,5.80,1.76,1.69,0.16,1.05
"ABR 2022",0.00,0.25,-0.50,-0.584,-0.569,-0.537,-0.45,-0.311,0.013,0.01,0.20,0.57,-0.05,-0.31,5.96,1.89,1.75,0.70,1.57
"MAY 2022",0.00,0.25,-0.50,-0.585,-0.568,-0.546,-0.39,-0.144,0.287,0.00,0.19,0.64,-0.06,-0.29,6.19,2.06,1.73,0.95,1.87
"JUN 2022",0.00,0.25,-0.50,-0.582,-0.570,-0.525,-0.24,0.162,0.852,0.00,0.23,0.72,-0.05,-0.16,6.14,2.21,1.79,1.55,2.44
"JUL 2022",0.50,0.75,0.00,-0.511,-0.457,-0.306,0.04,0.466,0.992,0.01,0.30,0.89,-0.00,0.01,6.35,2.36,1.93,1.14,2.09
"AGO 2022",0.50,0.75,0.00,-0.085,-0.071,0.022,0.40,0.837,1.249,0.01,0.39,1.02,0.01,0.14,6.50,2.50,2.08,1.24,2.06
"SEP 2022",1.25,1.50,0.75,0.355,0.424,0.574,1.01,1.596,2.233,0.02,0.60,1.27,0.06,0.68,6.57,2.67,2.50,2.12,2.81
"OCT 2022",1.25,1.50,0.75,0.656,0.696,0.915,1.43,1.997,2.629,0.03,0.87,1.59,0.08,0.90,6.86,2.90,3.00,2.46,3.18
"NOV 2022",2.00,2.25,1.50,1.368,1.375,1.423,1.83,2.321,2.828,0.04,1.16,1.81,0.15,1.46,7.10,3.11,3.35,2.47,2.93
"DIC 2022",2.50,2.75,2.00,1.568,1.595,1.724,2.06,2.560,3.018,0.07,1.39,1.91,0.19,1.76,6.98,3.19,3.69,2.62,3.00
"ENE 2023",2.50,2.75,2.00,1.902,1.888,1.981,2.35,2.858,3.337,0.09,1.57,2.08,0.23,1.97,7.57,3.40,4.02,2.73,3.04
"FEB 2023",3.00,3.25,2.50,2.275,2.297,2.369,2.64,3.135,3.534,0.11,1.90,2.20,0.31,2.29,7.77,3.56,4.30,2.96,3.22
"MAR 2023",3.50,3.75,3.00,2.572,2.573,2.710,2.91,3.267,3.647,0.14,2.13,2.26,0.41,2.56,7.89,3.74,4.60,3.00,3.23
"ABR 2023",3.50,3.75,3.00,2.900,2.883,2.961,3.18,3.516,3.757,0.17,2.32,2.42,0.45,2.79,8.10,3.83,4.75,2.93,3.19
"MAY 2023",3.75,4.00,3.25,3.080,3.085,3.152,3.37,3.682,3.862,0.21,2.51,2.48,0.49,2.95,8.30,3.95,4.96,2.92,3.21
"JUN 2023",4.00,4.25,3.50,3.238,3.248,3.343,3.54,3.825,4.007,0.23,2.75,2.59,0.55,3.19,7.98,4.08,5.18,3.11,3.16
"JUL 2023",4.00,4.25,3.50,3.402,3.399,3.469,3.67,3.942,4.149,0.27,2.86,2.87,0.61,3.30,8.40,4.11,5.38,3.27,3.27
"AGO 2023",4.25,4.50,3.75,3.642,3.632,3.627,3.78,3.944,4.073,0.31,3.06,3.11,0.66,3.42,8.49,4.18,5.48,3.20,3.34
"SEP 2023",4.50,4.75,4.00,3.747,3.746,3.758,3.88,4.030,4.149,0.33,3.10,3.12,0.75,3.59,8.55,4.27,5.58,3.34,3.51
"OCT 2023",4.50,4.75,4.00,3.901,3.882,3.861,3.97,4.115,4.160,0.35,3.29,3.31,0.80,3.70,8.53,4.29,5.67,3.39,3.72
"NOV 2023",4.50,4.75,4.00,3.902,3.874,3.841,3.97,4.065,4.022,0.36,3.33,3.41,0.83,3.71,8.53,4.36,5.70,3.16,3.42
"DIC 2023",4.50,4.75,4.00,3.902,3.858,3.858,3.94,3.927,3.679,0.37,3.29,3.46,0.84,3.70,8.42,4.33,5.52,2.62,2.87
"ENE 2024",4.50,4.75,4.00,3.904,3.874,3.869,3.93,3.892,3.609,0.39,3.21,3.15,0.89,3.71,8.72,4.14,5.44,2.66,2.90
"FEB 2024",4.50,4.75,4.00,3.907,3.878,3.868,3.92,3.901,3.671,0.38,3.20,3.07,0.90,3.65,8.62,4.12,5.52,2.80,3.02
"MAR 2024",4.50,4.75,4.00,3.907,3.873,3.853,3.92,3.895,3.718,0.39,3.19,2.91,0.91,3.68,8.53,4.05,5.48,2.81,2.95
"ABR 2024",4.50,4.75,4.00,3.908,3.868,3.853,3.89,3.838,3.703,0.39,3.14,2.89,0.91,3.67,8.57,4.05,5.36,2.91,3.07
"MAY 2024",4.50,4.75,4.00,3.907,3.881,3.816,3.81,3.787,3.680,0.39,3.11,2.81,0.91,3.66,8.68,4.04,5.42,3.00,3.12
"JUN 2024",4.25,4.50,3.75,3.749,3.681,3.635,3.73,3.715,3.650,0.38,3.04,2.84,0.87,3.54,8.45,4.03,5.34,3.01,3.17
"JUL 2024",4.25,4.50,3.75,3.663,3.611,3.618,3.69,3.644,3.526,0.38,3.02,2.77,0.87,3.48,8.49,4.00,5.20,2.86,3.11
"AGO 2024",4.25,4.50,3.75,3.663,3.626,3.597,3.55,3.425,3.166,0.38,2.98,2.69,0.90,3.42,8.60,3.99,5.16,2.55,2.91
"SEP 2024",3.65,3.90,3.50,3.557,3.491,3.438,3.43,3.258,2.936,0.37,2.97,2.73,0.88,3.28,8.53,3.89,5.03,2.36,2.83
"OCT 2024",3.40,3.65,3.25,3.338,3.308,3.205,3.17,3.002,2.691,0.36,2.74,2.63,0.82,3.06,8.46,3.79,4.82,2.32,2.87
"NOV 2024",3.40,3.65,3.25,3.164,3.148,3.066,3.01,2.788,2.506,0.35,2.61,2.52,0.81,2.93,8.41,3.72,4.74,2.34,2.93
"DIC 2024",3.15,3.40,3.00,3.064,3.029,2.890,2.83,2.632,2.436,0.35,2.45,2.50,0.77,2.80,8.26,3.64,4.56,2.19,2.81
"ENE 2025",3.15,3.40,3.00,2.919,2.898,2.792,2.70,2.614,2.525,0.34,2.33,2.41,0.76,2.67,8.50,3.34,4.35,2.42,3.09
"FEB 2025",2.90,3.15,2.75,2.691,2.663,2.606,2.53,2.460,2.407,0.32,2.20,2.35,0.72,2.50,8.38,3.61,4.30,2.29,2.99
"MAR 2025",2.65,2.90,2.50,2.499,2.472,2.401,2.44,2.385,2.398,0.31,2.09,2.23,0.67,2.32,8.28,3.58,4.08,2.42,3.31
"ABR 2025",2.40,2.65,2.25,2.341,2.316,2.243,2.25,2.202,2.143,0.29,1.95,2.28,0.60,2.15,8.31,3.52,3.92,2.15,3.10
"MAY 2025",2.40,2.65,2.25,2.169,2.158,2.094,2.09,2.116,2.081,0.29,1.84,2.21,0.58,2.05,8.32,3.58,3.80,2.13,3.07
"JUN 2025",2.15,2.40,2.00,2.007,1.994,1.929,1.98,2.050,2.081,0.27,1.77,2.19,0.53,1.93,8.17,3.58,3.72,2.13,3.08
"JUL 2025",2.15,2.40,2.00,1.922,1.907,1.892,1.99,2.055,2.079,0.25,1.72,2.19,0.51,1.88,8.18,3.57,3.62,2.15,3.17
"AGO 2025",2.15,2.40,2.00,1.924,1.895,1.890,2.02,2.084,2.114,0.25,1.71,2.16,0.51,1.88,8.25,3.62,3.63,2.19,3.21
"SEP 2025",2.15,2.40,2.00,1.925,1.898,1.897,2.03,2.102,2.172,0.25,1.74,2.14,0.52,1.90,8.18,3.61,3.64,2.22,3.23
"OCT 2025",2.15,2.40,2.00,1.927,1.915,1.906,2.03,2.107,2.187,0.25,1.77,2.16,0.53,1.89,8.10,3.59,3.66,2.19,3.12
"NOV 2025",2.15,2.40,2.00,1.929,1.914,1.906,2.04,2.131,2.217,0.25,1.75,2.21,0.52,1.91,8.07,3.58,3.70,2.25,3.14
"DIC 2025",2.15,2.40,2.00,1.929,1.918,1.915,2.05,2.139,2.267,0.25,1.77,2.27,0.52,1.93,7.91,3.59,3.67,2.37,3.24
"ENE 2026",2.15,2.40,2.00,1.932,1.895,1.961,2.03,2.137,2.245,0.25,1.78,2.30,0.52,1.90,8.37,3.65,3.66,2.34,3.22
"FEB 2026",2.15,2.40,2.00,1.931,1.890,1.952,2.01,2.144,2.221,0.25,1.79,2.24,0.52,1.90,8.27,3.66,3.70,2.29,3.13
"MAR 2026",2.15,2.40,2.00,1.932,1.900,1.933,2.11,2.322,2.565,0.26,1.82,2.27,0.54,1.94,8.17,3.63,3.74,2.70,3.39
"ABR 2026",2.15,2.40,2.00,1.932,1.907,1.971,2.18,2.454,2.747,"_","_","_","_","_","_","_","_",2.80,3.46
"FUENTE","","","FACILIDAD DE DEPOSITO","","The European Money Market Institute (EMMI)","The European Money Market Institute (EMMI)","The European Money Market Institute (EMMI)","The European Money Market Institute (EMMI)","The European Money Market Institute (EMMI)","BCE","BCE","BCE","BCE","BCE","BCE","BCE","BCE","BANCO CENTRAL EUROPEO","BANCO CENTRAL EUROPEO"
"NOTAS","Hasta 1998 tipo marginal de las subastas decenales de inyección de liquidez por parte del Banco de Espańa. Desde 1999 tipo mínimo de las subastas semanales del Banco Central Europeo.","","","","Further information: https://www.emmi-benchmarks.eu/. Terms of use: https://www.emmi-benchmarks.eu/terms-of-use","Further information: https://www.emmi-benchmarks.eu/. Terms of use: https://www.emmi-benchmarks.eu/terms-of-use","Further information: https://www.emmi-benchmarks.eu/. Terms of use: https://www.emmi-benchmarks.eu/terms-of-use","Further information: https://www.emmi-benchmarks.eu/. Terms of use: https://www.emmi-benchmarks.eu/terms-of-use","Further information: https://www.emmi-benchmarks.eu/. Terms of use: https://www.emmi-benchmarks.eu/terms-of-use","","","","","","","","","",""
